{"cameraMode":{"drawMode":0,"name":"Shaded","section":"Shading Mode"},"sceneLighting":true,"audioPlay":false,"sceneViewState":{"showFog":true,"showMaterialUpdate":false,"showSkybox":true,"showFlares":true,"showImageEffects":true,"showParticleSystems":true,"showVisualEffectGraphs":true,"m_FxEnabled":true},"in2DMode":false,"pivot":{"x":7.774422645568848,"y":-0.4586698114871979,"z":1.1671332120895386},"rotation":{"x":0.10513289272785187,"y":0.4003978669643402,"z":-0.045607708394527438,"w":0.9095356464385986},"size":6.308465957641602,"orthographic":false}