{"cameraMode":{"drawMode":0,"name":"Shaded","section":"Shading Mode"},"sceneLighting":false,"audioPlay":false,"sceneViewState":{"showFog":true,"showMaterialUpdate":false,"showSkybox":false,"showFlares":true,"showImageEffects":true,"showParticleSystems":true,"showVisualEffectGraphs":true,"m_FxEnabled":true},"in2DMode":false,"pivot":{"x":-33.49266815185547,"y":-0.3363637924194336,"z":40.75691223144531},"rotation":{"x":-0.1690022051334381,"y":-0.0038461866788566114,"z":0.0006575589650310576,"w":-0.9856588244438171},"size":58.69639205932617,"orthographic":false}