{"cameraMode":{"drawMode":0,"name":"Shaded","section":"Shading Mode"},"sceneLighting":false,"audioPlay":false,"sceneViewState":{"showFog":true,"showMaterialUpdate":false,"showSkybox":false,"showFlares":true,"showImageEffects":true,"showParticleSystems":true,"showVisualEffectGraphs":true,"m_FxEnabled":true},"in2DMode":false,"pivot":{"x":-24.950000762939454,"y":-0.3363637924194336,"z":67.39999389648438},"rotation":{"x":-0.1690022051334381,"y":-0.0038461866788566114,"z":0.0006575589650310576,"w":-0.9856588244438171},"size":60.69569396972656,"orthographic":false}